Classification,FilePath,ClassName,CurrentResponsibility,Dependencies,BlackClockConcept,DragonBoundModule,EstimatedChange,ExistingTests,MigrationRisk
B,Assets/BlackClockAlpha/Runtime/Contracts/DiagnosticsContracts.cs,ITelemetry; IRunRandom,Defines telemetry and deterministic random ports,System; BlackClock.Alpha.Contracts,No direct gameplay concept; namespace only,GameShared/Diagnostics,Rename namespace and split from frozen gameplay contracts,RunSeedAndRunRandomTests; JsonlTelemetrySchemaTests,Low
D,Assets/BlackClockAlpha/Runtime/Contracts/ContractTypes.cs,RunPhase; ItemSnapshot; WorkbenchSnapshot; InfectionSnapshot; BellSnapshot; etc,Defines all Alpha value objects and events,System; collections,RunPhase; Supply; Core Slot; Infection; Bell; Lumen,Core/Contracts,Do not copy; define new DragonBound snapshots and remove forbidden concepts,None in isolation; consumed by many tests,Very high
D,Assets/BlackClockAlpha/Runtime/Contracts/GameplayContracts.cs,IMergeResolver; IWorkbench; ISupplyDesk; ICoreSlot; IWaveController; IInfection; IBell; IRunController; IDeployment,Defines frozen Alpha gameplay interfaces,System; BlackClock.Alpha.Contracts,Supply; Core Slot; Infection; Bell; Lumen; Alpha phase,Core/Contracts,Do not copy; create DragonBound contracts from required flows,None in isolation; contract consumers covered elsewhere,Very high
B,Assets/BlackClockAlpha/Runtime/Random/RandomCallRecord.cs,IRandomCallRecorder; NullRandomCallRecorder; RandomCallRecord; RandomCallTelemetryPayload,Carries deterministic random call facts,System; Telemetry schema,No direct business concept,GameShared/Random,Rename namespace and payload event binding,RunSeedAndRunRandomTests; RandomCallTelemetryTests,Low
B,Assets/BlackClockAlpha/Runtime/Random/RunRandom.cs,RunRandom,PCG32 deterministic integer/unit random with call index,Contracts; Telemetry,No direct business concept,GameShared/Random,Namespace and recorder dependency only,RunSeedAndRunRandomTests; RuntimeRandomSourcePolicyTests; RandomCallTelemetryTests,Low
B,Assets/BlackClockAlpha/Runtime/Random/RunSeed.cs,RunSeed,Creates fixed or cryptographic seed and one run random instance,System.Security.Cryptography; IRunRandom,No direct business concept,GameShared/Random,Namespace and target interface rename only,RunSeedAndRunRandomTests,Low
B,Assets/BlackClockAlpha/Runtime/Random/TelemetryRandomCallRecorder.cs,TelemetryRandomCallRecorder,Records random calls through a telemetry session,TelemetrySession; RunSnapshot,Uses Alpha phase/snapshot,GameShared/Diagnostics,Replace snapshot and event schema with DragonBound,RandomCallTelemetryTests,Medium
B,Assets/BlackClockAlpha/Runtime/Diagnostics/DiagnosticAccessPolicy.cs,DiagnosticAccessPolicy,Development-build gate for diagnostic commands,System; OperationResult,No direct business concept,GameShared/Diagnostics,Namespace and result contract rename,DiagnosticPanelBoundaryTests; DiagnosticPresetTests,Low
D,Assets/BlackClockAlpha/Runtime/Diagnostics/DiagnosticPanelController.cs,DiagnosticPanelController,Restarts an Alpha run from diagnostic infection preset,IRunController; DiagnosticPresetDefinition,Infection; Alpha run,Diagnostics UI,Rewrite around DragonBound presets; file contains forbidden diagnostic meaning,DiagnosticPanelBoundaryTests,High
D,Assets/BlackClockAlpha/Runtime/Diagnostics/DiagnosticPresetCatalog.cs,DiagnosticPresetCatalog,Validates exactly three 0/35/65 infection presets,UnityEngine; DiagnosticPresetDefinition,Infection; BlackClock diagnostic values,Diagnostics UI,Rewrite preset schema and values,DiagnosticPresetTests,High
D,Assets/BlackClockAlpha/Runtime/Diagnostics/DiagnosticPresetDefinition.cs,DiagnosticPresetIds; DiagnosticPresetDefinition; DiagnosticRunDescriptor,Stores initial infection and Alpha run descriptor,UnityEngine; StartRunCommand,Infection; Alpha run,Diagnostics UI,Rewrite descriptor and remove infection field,DiagnosticPresetTests; DiagnosticPanelBoundaryTests,High
D,Assets/BlackClockAlpha/Runtime/Diagnostics/DiagnosticReadout.cs,DiagnosticReadout,Projects Alpha phase/infection/supply/bell values for a panel,Contracts,Infection; Supply; Bell,Diagnostics UI,Rewrite all fields for DragonBound readout,No direct runtime test; covered by preset/panel tests,High
B,Assets/BlackClockAlpha/Runtime/Diagnostics/DiagnosticsAssemblyInfo.cs,assembly InternalsVisibleTo,Exposes internals to Alpha test assemblies,Runtime compiler,Alpha assembly names,GameShared/Tests,Change friend assembly names,All EditMode/PlayMode tests,Low
B,Assets/BlackClockAlpha/Runtime/Telemetry/JsonlTelemetry.cs,JsonlTelemetry,Writes serialized telemetry and isolates writer exceptions,ITelemetry; writer; serializer,Only Alpha event context through dependency,GameShared/Telemetry,Use DragonBound context/schema,JsonlTelemetrySchemaTests; TelemetryFailureIsolationTests,Low
B,Assets/BlackClockAlpha/Runtime/Telemetry/TelemetryJsonSerializer.cs,TelemetryJsonSerializer; TelemetryEnvelope,Validates serializable payload and emits one JSON line,UnityEngine.JsonUtility; TelemetrySchema; TelemetryContext,Alpha phase/context fields,GameShared/Telemetry,Replace envelope context and event schema,JsonlTelemetrySchemaTests; TelemetryFailureIsolationTests,Medium
B,Assets/BlackClockAlpha/Runtime/Telemetry/TelemetryLineWriter.cs,ITelemetryLineWriter; FileTelemetryLineWriter,Append/flush/dispose UTF-8 JSONL file,System.IO,No direct business concept,GameShared/Telemetry,Namespace only,TelemetryFailureIsolationTests; TelemetryPathResolverTests,Low
B,Assets/BlackClockAlpha/Runtime/Telemetry/TelemetryPathResolver.cs,TelemetryPathResolver,Resolves PC project Logs/BlackClockAlpha and Android persistent paths,UnityEngine; System.IO,BlackClockAlpha directory name; platform policy,GameShared/Telemetry,Change directory and platform policy,TelemetryPathResolverTests,Low
D,Assets/BlackClockAlpha/Runtime/Telemetry/TelemetrySchema.cs,TelemetrySchema,Declares Alpha event names including supply infection bell,UnityEngine-free,Supply; Infection; Bell; Alpha event schema,GameShared/Telemetry,Extract only generic events and write a new schema,JsonlTelemetrySchemaTests; RandomCallTelemetryTests,High
B,Assets/BlackClockAlpha/Runtime/Telemetry/TelemetrySession.cs,TelemetrySession,Adds monotonically increasing sequence and Alpha context to records,ITelemetry; RunPhase; TelemetryContext,Alpha phase and run context,GameShared/Telemetry,Replace phase/context types,JsonlTelemetrySchemaTests; RandomCallTelemetryTests,Medium
B,Assets/BlackClockAlpha/Runtime/Data/DefinitionCatalogValidator.cs,DefinitionCatalogErrorCodes; DefinitionCatalogValidator,Validates item and recipe references and pairs,ItemDefinition; MergeRecipeDefinition; OperationResult,AlphaEnabled and ItemKind/Unit identity semantics,DragonBound/Data,Rewrite validation fields and error namespace,DefinitionCatalogValidationTests,Medium
D,Assets/BlackClockAlpha/Runtime/Data/AlphaDefinitionIds.cs,AlphaItemIds; AlphaProfessionIds; AlphaUnitIds; AlphaRecipeIds,Centralizes BlackClock item/profession/unit/recipe IDs,None,Alpha item/profession/unit/recipe IDs,All DragonBound data,Do not copy; create DragonBound IDs,RecipeMergeResolverTests; catalog tests,High
B,Assets/BlackClockAlpha/Runtime/Data/ItemDefinition.cs,ItemDefinition,ScriptableObject item id/kind/tier,UnityEngine; ItemKind,Doctor/equipment/unit kinds are Alpha vocabulary,DragonBound/Data,Rename kind schema and menu,DefinitionCatalogValidationTests; RecipeMergeResolverTests,Medium
B,Assets/BlackClockAlpha/Runtime/Data/MergeRecipeDefinition.cs,MergeRecipeDefinition,ScriptableObject pair recipe and output,UnityEngine; ItemDefinition,AlphaEnabled flag and Alpha menu,DragonBound/Data,Remove AlphaEnabled and rename menu/schema,DefinitionCatalogValidationTests; RecipeMergeResolverTests,Medium
B,Assets/BlackClockAlpha/Runtime/Data/UnitIdentityDefinition.cs,UnitIdentityDefinition,Adds profession id and star to item definition,UnityEngine; ItemDefinition,Profession and star vocabulary,DragonBound/Units/Data,Replace profession/star with unit archetype/level fields,DefinitionCatalogValidationTests; RecipeMergeResolverTests,Medium
C,Assets/BlackClockAlpha/Runtime/Data/WorkbenchCatalogDefinition.cs,WorkbenchCatalogDefinition,Stores item and recipe arrays and validates lookup,UnityEngine; validator,12-slot Workbench support via consumers,DragonBound/Data,Rewrite catalog for DragonBound units/recipes,DefinitionCatalogValidationTests; Workbench tests,Medium
B,Assets/BlackClockAlpha/Runtime/Workbench/RecipeMergeResolver.cs,RecipeMergeResolver,Resolves unordered input pair to configured recipe,IMergeResolver; WorkbenchCatalogDefinition,Uses Alpha item definitions but algorithm is generic,DragonBound/Units/Merge,Namespace and catalog dependency adaptation,RecipeMergeResolverTests; WorkbenchTransactionTests,Low
B,Assets/BlackClockAlpha/Runtime/Workbench/SequentialItemInstanceIdSource.cs,SequentialItemInstanceIdSource,Previews and commits collision-free item IDs,System.Globalization; Workbench.SlotCount,Prefix and slot-bound retry are Alpha Workbench details,GameShared/Ids,Remove slot coupling and rename prefix,WorkbenchTransactionTests,Medium
C,Assets/BlackClockAlpha/Runtime/Workbench/Workbench.cs,Workbench,12-slot event-driven add/drop/swap/remove/merge transaction,Contracts; Data; resolver,12 fixed Alpha slots and item kinds,DragonBound/Grid and Merge,Rewrite for 6 battle + 5 bench occupancy and drag commands,WorkbenchLayoutTests; WorkbenchTransactionTests; WorkbenchEventDrivenTests,High
D,Assets/BlackClockAlpha/Runtime/Workbench/WorkbenchErrorCodes.cs,WorkbenchErrorCodes; MergeErrorCodes,Stable Alpha Workbench error strings,None,BlackClock Workbench contract,DragonBound/Grid,Do not copy strings; create DragonBound errors,Workbench tests,Medium
C,Assets/BlackClockAlpha/Runtime/Deployment/DeploymentService.cs,IDeploymentUnitSource; DeploymentSlotChanged; DeploymentService,Manages six lane/front-back deployment slots,Contracts,Three lanes and front/back Alpha deployment,DragonBound/Grid/Deployment,Rewrite as 2D grid placement and movement,DeploymentServiceTests; Battlefield tests,High
D,Assets/BlackClockAlpha/Runtime/Combat/Barricades/BarricadeController.cs,BarricadeState; BarricadeLaneSnapshot; BarricadeController,Blocks ground enemies and rebuilds lane barricades,Deployment; Contracts,Explicit璺殰/Barricade and Quarantine Warden,Forbidden,Do not migrate,DeploymentServiceTests; BattlefieldAndBarricadeTests; EnemyFieldTests,Prohibited
C,Assets/BlackClockAlpha/Runtime/Combat/Battlefield/BattlefieldTopology.cs,BattlefieldLaneSnapshot; BattlefieldSnapshot; BattlefieldTopology,Defines three 24-cell lanes and deployment snapshot,Deployment; Contracts,Three-lane 24-cell Alpha battlefield,DragonBound/Grid/Board,Replace with 2D board and 6/5 cells,BattlefieldAndBarricadeTests,High
D,Assets/BlackClockAlpha/Runtime/Combat/Battlefield/CombatMovementControl.cs,CombatMovementControl,Stops movement for Alpha Bell/Barricade reasons,Contracts,StopReason includes Bell/Barricade/Quarantine,Forbidden,Do not migrate; implement generic pause/slow effects separately,EnemyFieldTests; BattlefieldAndBarricadeTests,Prohibited
B,Assets/BlackClockAlpha/Runtime/Combat/Enemies/EnemyDefinition.cs,EnemyMovementKind; EnemyDefinition,ScriptableObject enemy stats and validation,UnityEngine; Contracts,Leak damage and normal-wave ground restriction,DragonBound/Enemies/Data,Remove leak/Lumen and normal-wave assumptions,EnemyFieldTests; NormalWaveAssetTests,Medium
C,Assets/BlackClockAlpha/Runtime/Combat/Enemies/EnemyField.cs,EnemyField,Spawns; damages; linearly advances and leaks enemies,EnemyDefinition; BarricadeController; BattlefieldTopology,Three lanes; Lumen endpoint;璺殰 dependency,DragonBound/Enemies/Path,Rewrite path graph; occupancy and endpoint settlement,EnemyFieldTests; NormalWaveControllerTests; PlayMode baseline,High
B,Assets/BlackClockAlpha/Runtime/Combat/Enemies/EnemyRuntime.cs,EnemyInstanceId; EnemySnapshot; EnemySpawned; EnemyLeaked; EnemyRemoved,Immutable enemy IDs snapshots and lifecycle events,Contracts; EnemyMovementKind,Leak event is Alpha-specific but snapshot/event shape reusable,DragonBound/Enemies,Rename leak event to endpoint/defeat and adapt fields,EnemyFieldTests; PlayMode baseline,Medium
B,Assets/BlackClockAlpha/Runtime/Combat/Targeting/CombatTargetContext.cs,CombatTargetContext,Validates lane position and one-dimensional range,Contracts,Alpha lane coordinate model,DragonBound/Combat,Replace lane/position with 2D coordinates,DeterministicTargetingTests; combat behavior tests,High
B,Assets/BlackClockAlpha/Runtime/Combat/Targeting/CombatTargetEligibility.cs,CombatTargetEligibility,Filters health; adjacent lane and scalar range candidates,EnemySnapshot,Three-lane adjacency and scalar range,DragonBound/Combat,Rewrite to circular distance and team/board eligibility,DeterministicTargetingTests,High
B,Assets/BlackClockAlpha/Runtime/Combat/Targeting/DeterministicTargetSelector.cs,DeterministicTargetSelector,Locks and deterministically selects target/penetration line,EnemySnapshot; TargetLock; EnemyMovementKind,Lane front priority and flying priority are Alpha-specific,DragonBound/Combat,Retain deterministic tie-break strategy; rewrite geometry and patterns,DeterministicTargetingTests; BlackpowderCombatBehaviorTests,High
D,Assets/BlackClockAlpha/Runtime/Combat/Targeting/MiasmaAreaTargetSelector.cs,MiasmaAreaSelection; MiasmaAreaTargetSelector,Selects same-lane Miasma damage region,EnemySnapshot; targeting,Miasma Doctor and infection context,Forbidden,Do not migrate,DeterministicTargetingTests; MiasmaCombatBehaviorTests,Prohibited
B,Assets/BlackClockAlpha/Runtime/Combat/Targeting/TargetLock.cs,TargetLock,Stores stable enemy instance target lock,EnemyInstanceId,No direct business concept,GameShared/Combat,Namespace and target ID adaptation,DeterministicTargetingTests; combat behavior tests,Low
B,Assets/BlackClockAlpha/Runtime/Combat/Units/AttackCooldown.cs,AttackCooldown,Advances fixed attack interval and readiness,System,No direct business concept,GameShared/Combat,Namespace only,All profession behavior tests,Low
D,Assets/BlackClockAlpha/Runtime/Combat/Units/BlackpowderCombatBehavior.cs,BlackpowderCombatBehavior,Blackpowder doctor penetrates one/two/three targets,ProfessionCombatDefinition; EnemyDamagePort; targeting,Blackpowder Doctor and Alpha penetration values,Forbidden,Do not migrate; implement DragonBound attack patterns,BlackpowderCombatBehaviorTests,Prohibited
D,Assets/BlackClockAlpha/Runtime/Combat/Units/CombatEffectRequests.cs,CombatInfectionFactKey; CombatInfectionFact; settlement; attack resolutions,Correlates infection facts to Lumen healing and damage,Contracts; Enemy IDs,Infection; Lumen healing; doctor producers,Forbidden,Do not migrate, Miasma/Purifier tests,Prohibited
B,Assets/BlackClockAlpha/Runtime/Combat/Units/EnemyDamagePort.cs,IEnemyDamagePort; EnemyFieldDamagePort,Ports damage requests to EnemyField,EnemyField; Contracts,No forbidden concept in port itself,GameShared/Combat,Adapt enemy runtime port,Profession behavior tests; PlayMode baseline,Low
D,Assets/BlackClockAlpha/Runtime/Combat/Units/LumenHealingPort.cs,ILumenHealingPort,Port for healing Lumen,Contracts,娌荤枟/Lumen,Forbidden,Do not migrate, PurifierCombatBehaviorTests,Prohibited
D,Assets/BlackClockAlpha/Runtime/Combat/Units/MiasmaCombatBehavior.cs,MiasmaCombatBehavior; ActiveEffect,Applies Miasma DOT and infection facts,EnemyDamagePort; IInfection; targeting,Infection; Miasma Doctor,Forbidden,Do not migrate, MiasmaCombatBehaviorTests,Prohibited
D,Assets/BlackClockAlpha/Runtime/Combat/Units/ProfessionCombatCatalog.cs,ProfessionCombatCatalog,Validates exactly eight Alpha profession definitions,ProfessionCombatDefinition; UnityEngine,Four BlackClock doctors and two stars,Forbidden,Do not migrate,ProfessionCombatConfigTests,Prohibited
D,Assets/BlackClockAlpha/Runtime/Combat/Units/ProfessionCombatDefinition.cs,ProfessionCombatKind; ProfessionCombatPreset; ProfessionCombatPresets; ProfessionCombatDefinition,Stores hardcoded approved doctor combat stats,UnityEngine; Alpha IDs,Blackpowder/Miasma/Purifier/Quarantine Warden,Forbidden,Do not migrate; create DragonBound unit config,ProfessionCombatConfigTests; all behavior tests,Prohibited
D,Assets/BlackClockAlpha/Runtime/Combat/Units/ProfessionCombatErrorCodes.cs,ProfessionCombatErrorCodes,Stable Alpha profession and Lumen error codes,None,Doctor/Lumen/blocked unit terms,Forbidden,Do not migrate,Profession behavior tests,Prohibited
D,Assets/BlackClockAlpha/Runtime/Combat/Units/PurifierCombatBehavior.cs,PurifierCombatBehavior,Attacks while emitting purification and optional Lumen healing facts,ProfessionCombatDefinition; IEnemyDamagePort,娌荤枟/Purifier/Infection,Forbidden,Do not migrate,PurifierCombatBehaviorTests,Prohibited
D,Assets/BlackClockAlpha/Runtime/Combat/Units/QuarantineWardenBehavior.cs,QuarantineWardenBehavior,Blocks ground enemies and attacks blocked targets,ProfessionCombatDefinition; IEnemyDamagePort,Quarantine Warden and璺殰 replacement semantics,Forbidden,Do not migrate,QuarantineWardenBehaviorTests; DeploymentServiceTests,Prohibited
C,Assets/BlackClockAlpha/Runtime/Waves/NormalWaveDefinition.cs,WaveSpawnEntry; NormalWaveDefinition,Stores ordered timed enemy spawn entries,UnityEngine; EnemyDefinition; Contracts,Normal Alpha wave and lane limits,DragonBound/Waves,Rewrite for 15 waves; Boss metadata and residual policy,NormalWaveAssetTests; NormalWaveControllerTests,High
C,Assets/BlackClockAlpha/Runtime/Waves/NormalWaveCatalog.cs,NormalWaveCatalog,Validates and looks up exactly three normal waves,UnityEngine; NormalWaveDefinition,Exactly three Normal waves,DragonBound/Waves,Remove count=3 and support 15/Boss catalog,NormalWaveAssetTests; NormalWaveControllerTests,High
C,Assets/BlackClockAlpha/Runtime/Waves/NormalWaveController.cs,NormalWaveController,Schedules spawns and clears only with no active enemies,EnemyField; catalog; IWaveController,Three-wave clear-before-next rule,DragonBound/Waves,Rewrite scheduler to allow residual enemies and Boss phases,NormalWaveControllerTests; PlayMode baseline,High
B,Assets/BlackClockAlpha/Runtime/BlackClock.Alpha.Runtime.asmdef,BlackClock.Alpha.Runtime,Compiles all Alpha Runtime into one auto-referenced assembly,None,Assembly name and namespace,GameShared/Assembly,Create GameShared.Runtime and DragonBound.Runtime split,Source compilation,Medium
B,Assets/BlackClockAlpha/Tests/EditMode/BlackClock.Alpha.Tests.EditMode.asmdef,BlackClock.Alpha.Tests.EditMode,EditMode test assembly references Alpha runtime,BlackClock.Alpha.Runtime; TestAssemblies,Alpha assembly names,DragonBound.Tests.EditMode,Copy and rename references/platform settings,125 EditMode tests passed,Low
B,Assets/BlackClockAlpha/Tests/PlayMode/BlackClock.Alpha.Tests.PlayMode.asmdef,BlackClock.Alpha.Tests.PlayMode,PlayMode test assembly references Alpha runtime,BlackClock.Alpha.Runtime; TestAssemblies,Alpha assembly names,DragonBound.Tests.PlayMode,Copy and rename references/platform settings,23 PlayMode tests passed,Low
C,Assets/BlackClockAlpha/Tests/EditMode/Combat/Battlefield/BattlefieldAndBarricadeTests.cs,BattlefieldAndBarricadeTests,Asserts three lanes; six slots and璺殰 timers,Deployment; Barricades; Battlefield,璺殰 and three-lane Alpha board,DragonBound/Grid,Rewrite assertions for 6/5 grid; do not copy barricade fixtures,3 EditMode tests passed,High
C,Assets/BlackClockAlpha/Tests/EditMode/Combat/Battlefield/CombatTestFactory.cs,DictionaryUnitSource; CombatTestFactory,Builds deployment unit source doubles,Deployment; Contracts,Three-lane deployment fixture,DragonBound/Grid,Rewrite fixture to board occupancy,Used by battlefield/deployment tests,Medium
C,Assets/BlackClockAlpha/Tests/EditMode/Combat/Deployment/DeploymentServiceTests.cs,DeploymentServiceTests,Tests six-slot deploy/move/recall and warden replacement,Deployment; Barricade,Quarantine Warden/璺殰,DragonBound/Grid,Retain invariant style; replace rules,3 EditMode tests passed,High
C,Assets/BlackClockAlpha/Tests/EditMode/Combat/Enemies/EnemyFieldTests.cs,EnemyFieldTests,Tests linear movement; leaks; flying and movement stops,EnemyField; Barricade; Battlefield,璺殰; Lumen leak model; lane paths,DragonBound/Enemies,Rewrite for path graph and settlement,5 EditMode tests passed,High
D,Assets/BlackClockAlpha/Tests/EditMode/Combat/Units/BlackpowderCombatBehaviorTests.cs,BlackpowderCombatBehaviorTests,Tests doctor penetration multipliers and cooldown,Blackpowder behavior,Blackpowder Doctor,Forbidden,Do not migrate,3 EditMode tests passed,Prohibited
C,Assets/BlackClockAlpha/Tests/EditMode/Combat/Units/DeterministicTargetingTests.cs,DeterministicTargetingTests,Tests lane/position/flying priority and locked target,Target selectors; Enemy snapshots,Alpha lane geometry,DragonBound/Combat,Rewrite for 2D circles and target policy,5 EditMode tests passed,High
D,Assets/BlackClockAlpha/Tests/EditMode/Combat/Units/MiasmaCombatBehaviorTests.cs,MiasmaCombatBehaviorTests,Tests Miasma DOT; infection and producer ordinals,Miasma behavior; FakeInfection,Infection; Miasma Doctor,Forbidden,Do not migrate,4 EditMode tests passed,Prohibited
D,Assets/BlackClockAlpha/Tests/EditMode/Combat/Units/ProfessionCombatConfigTests.cs,ProfessionCombatConfigTests,Tests eight doctor definitions against DEC-028,Profession catalog/config,BlackClock professions and approved stats,Forbidden,Do not migrate,3 test groups passed,Prohibited
D,Assets/BlackClockAlpha/Tests/EditMode/Combat/Units/ProfessionCombatTestDoubles.cs,ProfessionCombatTestFactory; FakeEnemyDamagePort; FakeInfection; FakeLumenHealingPort,Test doubles for doctor/infection/healing behavior,Combat ports; Infection,Infection; treatment; doctors,Forbidden,Do not migrate,No standalone tests; consumed by prohibited tests,Prohibited
D,Assets/BlackClockAlpha/Tests/EditMode/Combat/Units/PurifierCombatBehaviorTests.cs,PurifierCombatBehaviorTests,Tests purification and actual Lumen healing settlement,Purifier; FakeInfectionBatchPort; Lumen port,娌荤枟; Infection; Purifier,Forbidden,Do not migrate,5 EditMode tests passed,Prohibited
D,Assets/BlackClockAlpha/Tests/EditMode/Combat/Units/QuarantineWardenBehaviorTests.cs,QuarantineWardenBehaviorTests,Tests blocked enemy capacity and shield bash,QuarantineWarden behavior,Quarantine Warden;璺殰 semantics,Forbidden,Do not migrate,4 EditMode tests passed,Prohibited
C,Assets/BlackClockAlpha/Tests/EditMode/Combat/Waves/NormalWaveAssetTests.cs,NormalWaveAssetTests,Tests four common enemies and three fixed wave assets,Normal wave config; EnemyDefinition,Three-wave Alpha schedules,DragonBound/Waves,Rewrite data-driven wave tests,3 EditMode tests passed,High
C,Assets/BlackClockAlpha/Tests/EditMode/Combat/Waves/NormalWaveControllerTests.cs,NormalWaveControllerTests,Tests spawn timing; pending/active clear and invalid config,NormalWaveController; EnemyField,Clear-before-next rule,DragonBound/Waves,Rewrite residual and Boss assertions,4 EditMode tests passed,High
D,Assets/BlackClockAlpha/Tests/EditMode/CoreSlot/CoreSlotResolutionBoundaryTests.cs,CoreSlotResolutionBoundaryTests,Tests Core Slot no-recipe and unsupported resolution,CoreSlot; Workbench; resolver,Core Slot,Forbidden,Do not migrate,3 EditMode tests passed,Prohibited
D,Assets/BlackClockAlpha/Tests/EditMode/CoreSlot/CoreSlotTypeAndStorageTests.cs,CoreSlotTypeAndStorageTests,Tests only SpecialCore storage and supply interaction,CoreSlot; Supply; Workbench,Core Slot; 鍖婚櫌琛ョ粰,Forbidden,Do not migrate,4 test groups passed,Prohibited
D,Assets/BlackClockAlpha/Tests/EditMode/Diagnostics/DiagnosticPresetTests.cs,DiagnosticPresetTests,Tests 0/35/65 infection diagnostic presets and launch,Diagnostics; RunController,Infection; BlackClock Alpha,Forbidden,Do not migrate,2 EditMode tests passed,Prohibited
B,Assets/BlackClockAlpha/Tests/EditMode/Diagnostics/DiagnosticsTestDoubles.cs,MemoryTelemetryLineWriter; ThrowingTelemetryLineWriter; CollectingRandomCallRecorder; FakeRunController,Test doubles for telemetry/random/policy,System; Telemetry; Contracts,Mostly generic; FakeRunController has Alpha phase,GameShared/Tests,Extract generic doubles and rename context,Consumed by diagnostics tests,Medium
C,Assets/BlackClockAlpha/Tests/EditMode/Diagnostics/JsonlTelemetrySchemaTests.cs,JsonlTelemetrySchemaTests,Tests JSONL required envelope fields and frozen event set,Telemetry serializer/schema,Schema includes Supply/Infection/Bell names,GameShared/Tests,Rewrite event list and envelope fields,2 EditMode tests passed,High
B,Assets/BlackClockAlpha/Tests/EditMode/Diagnostics/RandomCallTelemetryTests.cs,RandomCallTelemetryTests,Tests same-seed decisions and event order,RunSeed; TelemetryRandomCallRecorder,Alpha snapshot names only,GameShared/Tests,Rename context/event and retain determinism assertions,1 EditMode test passed,Low
B,Assets/BlackClockAlpha/Tests/EditMode/Diagnostics/RunSeedAndRunRandomTests.cs,RunSeedAndRunRandomTests,Tests fixed seed reproducibility; range; invalid calls and one random instance,RunSeed; RunRandom,No direct business concept,GameShared/Tests,Namespace rename only,5 EditMode tests passed,Low
B,Assets/BlackClockAlpha/Tests/EditMode/Diagnostics/RuntimeRandomSourcePolicyTests.cs,RuntimeRandomSourcePolicyTests,Scans runtime for unapproved entropy sources,Reflection; source files,Alpha path/namespace scan,GameShared/Tests,Update scan roots and allowed policy,1 EditMode test passed,Low
B,Assets/BlackClockAlpha/Tests/EditMode/Diagnostics/TelemetryFailureIsolationTests.cs,TelemetryFailureIsolationTests,Tests writer/serializer failures do not affect gameplay random result,Telemetry; RunRandom,No direct business concept,GameShared/Tests,Update envelope fixtures,2 EditMode tests passed,Low
B,Assets/BlackClockAlpha/Tests/EditMode/Diagnostics/TelemetryPathResolverTests.cs,TelemetryPathResolverTests,Tests project log path; Android path and run ID sanitization,TelemetryPathResolver; UnityEngine,BlackClockAlpha path name,GameShared/Tests,Update directory expectation and target project marker,3 EditMode tests passed,Low
D,Assets/BlackClockAlpha/Tests/EditMode/Supply/Integration/C04BIntegrationTestFixtures.cs,C04BIntegrationTestFixtures,Builds hospital supply/Core Slot integration fixtures,Supply; CoreSlot; Workbench,鍖婚櫌琛ョ粰; Core Slot,Forbidden,Do not migrate,Fixture only,Prohibited
D,Assets/BlackClockAlpha/Tests/EditMode/Supply/Integration/SupplyDeskWorkbenchTransactionTests.cs,SupplyDeskWorkbenchTransactionTests,Tests supply claim price and real Workbench commit,Supply; Workbench,鍖婚櫌琛ョ粰,Forbidden,Do not migrate,1 EditMode test passed,Prohibited
D,Assets/BlackClockAlpha/Tests/EditMode/Supply/Integration/SupplyPauseControlTests.cs,SupplyPauseControlTests,Tests nested supply pause tokens,Supply pause,鍖婚櫌琛ョ粰,Forbidden,Do not migrate,2 EditMode tests passed,Prohibited
D,Assets/BlackClockAlpha/Tests/EditMode/Supply/Integration/WorkbenchSupplyDestinationTests.cs,WorkbenchSupplyDestinationTests,Tests supply destination forwarding,Supply; Workbench,鍖婚櫌琛ョ粰,Forbidden,Do not migrate,2 test groups passed,Prohibited
D,Assets/BlackClockAlpha/Tests/EditMode/Supply/Integration/WorkbenchSupplyInventoryViewTests.cs,WorkbenchSupplyInventoryViewTests,Tests inventory projection of doctors/equipment,Supply; Workbench,鍖婚櫌琛ョ粰; Doctor,Forbidden,Do not migrate,1 EditMode test passed,Prohibited
D,Assets/BlackClockAlpha/Tests/EditMode/Supply/Logic/SupplyCombatWindowTests.cs,SupplyCombatWindowTests,Tests supply open limits during combat waves,Supply logic; phase,鍖婚櫌琛ョ粰,Forbidden,Do not migrate,3 EditMode tests passed,Prohibited
D,Assets/BlackClockAlpha/Tests/EditMode/Supply/Logic/SupplyCorrectionTests.cs,SupplyCorrectionTests,Tests correction streak limits for supply choices,Supply logic,鍖婚櫌琛ョ粰,Forbidden,Do not migrate,3 EditMode tests passed,Prohibited
D,Assets/BlackClockAlpha/Tests/EditMode/Supply/Logic/SupplyDefinitionTests.cs,SupplyDefinitionTests,Tests approved normal supply item kinds,Supply config; ItemDefinition,鍖婚櫌琛ョ粰,Forbidden,Do not migrate,4 test groups passed,Prohibited
D,Assets/BlackClockAlpha/Tests/EditMode/Supply/Logic/SupplyDeterminismTests.cs,SupplyDeterminismTests,Tests seeded supply choice determinism,Supply; RunRandom,鍖婚櫌琛ョ粰,Forbidden,Do not migrate,2 EditMode tests passed,Prohibited
D,Assets/BlackClockAlpha/Tests/EditMode/Supply/Logic/SupplyEconomyTests.cs,SupplyEconomyTests,Tests three-wave claim economy,Supply logic; wave,鍖婚櫌琛ョ粰,Forbidden,Do not migrate,1 EditMode test passed,Prohibited
D,Assets/BlackClockAlpha/Tests/EditMode/Supply/Logic/SupplyQueueAndCommitTests.cs,SupplyQueueAndCommitTests,Tests queued claims; destination failures and event publication,Supply; Workbench; CoreSlot,鍖婚櫌琛ョ粰; Core Slot,Forbidden,Do not migrate,5 EditMode tests passed,Prohibited
D,Assets/BlackClockAlpha/Tests/EditMode/Supply/Logic/SupplyTestDoubles.cs,FakeSupplyDestination; FakePauseControl; FakeWorkbench; FakeCoreSlot; SupplyFixture,Test doubles for hospital supply integration,Supply; CoreSlot; Workbench,鍖婚櫌琛ョ粰; Core Slot,Forbidden,Do not migrate,Consumed by prohibited tests,Prohibited
C,Assets/BlackClockAlpha/Tests/EditMode/Workbench/DefinitionCatalogValidationTests.cs,DefinitionCatalogValidationTests,Tests Alpha item/recipe uniqueness and no combat fields,Data validator; Unity assets,Alpha-only identity and recipe content,DragonBound/Tests,Rewrite for DragonBound definitions and forbidden-field checks,2 EditMode tests passed,Medium
C,Assets/BlackClockAlpha/Tests/EditMode/Workbench/RecipeMergeResolverTests.cs,RecipeMergeResolverTests,Tests unordered item recipes and one-star upgrade,Workbench; Data,Alpha item IDs and stars,DragonBound/Tests,Retain pair-order/atomic assertions with new data,2 parameterized test groups passed,Medium
C,Assets/BlackClockAlpha/Tests/EditMode/Workbench/WorkbenchLayoutTests.cs,WorkbenchLayoutTests,Tests exactly twelve ordered empty slots,Workbench,12-slot Alpha Workbench,DragonBound/Tests,Rewrite for 6 battle + 5 bench occupancy,1 EditMode test passed,High
C,Assets/BlackClockAlpha/Tests/EditMode/Workbench/WorkbenchTestFixtures.cs,WorkbenchTestFixtures; CountingResolver; InvalidOutputResolver; InvalidInputResolver,Workbench test builders and resolver doubles,12-slot workbench fixture,Alpha Workbench,DragonBound/Tests,Rewrite fixtures for new grid and unit models,Fixture consumed by Workbench tests,Medium
C,Assets/BlackClockAlpha/Tests/EditMode/Workbench/WorkbenchTransactionTests.cs,WorkbenchTransactionTests,Tests atomic drop/swap/merge/full/failure event behavior,Workbench; Data; resolver,12-slot Alpha Workbench and Alpha recipes,DragonBound/Tests,Retain atomicity tests; replace slot/rule assertions,7 EditMode tests passed,High
D,Assets/BlackClockAlpha/Tests/PlayMode/Combat/Units/ProfessionCombatPlayModeBaselineTests.cs,ProfessionCombatPlayModeBaselineTests,PlayMode damage/defeat test for Alpha unit port,EnemyField; Profession combat,BlackClock profession,Forbidden,Do not migrate,1 PlayMode test passed,Prohibited
C,Assets/BlackClockAlpha/Tests/PlayMode/Combat/Waves/NormalWavePlayModeBaselineTests.cs,NormalWavePlayModeBaselineTests,PlayMode 33-enemy three-wave frame baseline,NormalWaveController; EnemyField,Three-wave Alpha schedule,DragonBound/Tests,Rewrite for target wave counts and residual policy,1 PlayMode test passed,High
D,Assets/BlackClockAlpha/Tests/PlayMode/Diagnostics/DiagnosticPanelBoundaryTests.cs,DiagnosticPanelBoundaryTests,PlayMode non-development diagnostic policy boundary,DiagnosticAccessPolicy; RunController,Alpha diagnostics and preset semantics,Forbidden,Do not migrate; write DragonBound diagnostic boundary anew,1 PlayMode test passed,High
D,Assets/BlackClockAlpha/Tests/PlayMode/Supply/SupplyPauseIntegrationTests.cs,SupplyPauseIntegrationTests,PlayMode supply choice pause gates fixture clocks,Supply; pause; infection fixture,鍖婚櫌琛ョ粰; Infection,Forbidden,Do not migrate,1 PlayMode test passed,Prohibited
C,Assets/BlackClockAlpha/Tests/PlayMode/Workbench/WorkbenchEventDrivenTests.cs,WorkbenchEventDrivenTests,PlayMode idle frames and one occupied drop merge event,Workbench; resolver,Alpha Workbench event semantics,DragonBound/Tests,Rewrite around DragonBound drag/merge events,1 PlayMode test passed,Medium
C,Assets/BlackClockAlpha/Config/Diagnostics/DiagnosticPresetCatalog.asset,DiagnosticPresetCatalog asset,References three Alpha diagnostic presets,DiagnosticPresetCatalog script,Infection; Alpha diagnostics,Diagnostics,Do not copy; create DragonBound diagnostics asset,None beyond DiagnosticPresetTests,High
D,Assets/BlackClockAlpha/Config/Diagnostics/DiagnosticPreset_A_0.asset,DiagnosticPresetDefinition asset,0 percent initial infection preset,DiagnosticPresetDefinition,Infection,Forbidden,Do not migrate,None,Prohibited
D,Assets/BlackClockAlpha/Config/Diagnostics/DiagnosticPreset_B_35.asset,DiagnosticPresetDefinition asset,35 percent initial infection preset,DiagnosticPresetDefinition,Infection,Forbidden,Do not migrate,None,Prohibited
D,Assets/BlackClockAlpha/Config/Diagnostics/DiagnosticPreset_C_65.asset,DiagnosticPresetDefinition asset,65 percent initial infection preset,DiagnosticPresetDefinition,Infection,Forbidden,Do not migrate,None,Prohibited
C,Assets/BlackClockAlpha/Config/Enemies/Common/Enemy_BloatedGiant.asset,EnemyDefinition asset,Alpha normal enemy stat configuration,EnemyDefinition script,Alpha enemy and lane values,DragonBound/Enemies,Use only as data-shape reference; rewrite stats,None; NormalWaveAssetTests,High
C,Assets/BlackClockAlpha/Config/Enemies/Common/Enemy_Infected.asset,EnemyDefinition asset,Alpha normal enemy stat configuration,EnemyDefinition script,Infected enemy name and leak values,DragonBound/Enemies,Do not copy content; rewrite enemy data,None; NormalWaveAssetTests,High
C,Assets/BlackClockAlpha/Config/Enemies/Common/Enemy_PlagueCultist.asset,EnemyDefinition asset,Alpha normal enemy stat configuration,EnemyDefinition script,Plague/BlackClock content,DragonBound/Enemies,Do not copy content; rewrite enemy data,None; NormalWaveAssetTests,High
C,Assets/BlackClockAlpha/Config/Enemies/Common/Enemy_RatSwarm.asset,EnemyDefinition asset,Alpha normal enemy stat configuration,EnemyDefinition script,Alpha enemy values,DragonBound/Enemies,Use only validation shape; rewrite data,None; NormalWaveAssetTests,Medium
D,Assets/BlackClockAlpha/Config/Items/AlphaWorkbenchCatalog.asset,WorkbenchCatalogDefinition asset,References Alpha items and recipes,WorkbenchCatalogDefinition,Alpha Workbench,Forbidden,Do not migrate,None; DefinitionCatalogValidationTests,Prohibited
D,Assets/BlackClockAlpha/Config/Items/Equipment_Lantern.asset,ItemDefinition asset,Alpha equipment item,ItemDefinition,Doctor/equipment Alpha item,Forbidden,Do not migrate,None; catalog tests,Prohibited
D,Assets/BlackClockAlpha/Config/Items/Equipment_Musket.asset,ItemDefinition asset,Alpha equipment item,ItemDefinition,Blackpowder weapon,Forbidden,Do not migrate,None; catalog tests,Prohibited
D,Assets/BlackClockAlpha/Config/Items/Equipment_Shield.asset,ItemDefinition asset,Alpha equipment item,ItemDefinition,Quarantine Warden equipment,Forbidden,Do not migrate,None; catalog tests,Prohibited
D,Assets/BlackClockAlpha/Config/Items/Equipment_Staff.asset,ItemDefinition asset,Alpha equipment item,ItemDefinition,Miasma/Alpha equipment,Forbidden,Do not migrate,None; catalog tests,Prohibited
D,Assets/BlackClockAlpha/Config/Items/Item_BeakDoctor.asset,ItemDefinition asset,Alpha doctor item,ItemDefinition,Doctor/BlackClock item,Forbidden,Do not migrate,None; catalog tests,Prohibited
D,Assets/BlackClockAlpha/Config/Recipes/Recipe_Create_BlackpowderDoctor.asset,MergeRecipeDefinition asset,Creates Blackpowder Doctor from Alpha items,MergeRecipeDefinition; ItemDefinition,Blackpowder Doctor,Forbidden,Do not migrate,None; RecipeMergeResolverTests,Prohibited
D,Assets/BlackClockAlpha/Config/Recipes/Recipe_Create_MiasmaDoctor.asset,MergeRecipeDefinition asset,Creates Miasma Doctor from Alpha items,MergeRecipeDefinition; ItemDefinition,Miasma Doctor; Infection-associated profession,Forbidden,Do not migrate,None; RecipeMergeResolverTests,Prohibited
D,Assets/BlackClockAlpha/Config/Recipes/Recipe_Create_Purifier.asset,MergeRecipeDefinition asset,Creates Purifier from Alpha items,MergeRecipeDefinition; ItemDefinition,Purifier; treatment,Forbidden,Do not migrate,None; RecipeMergeResolverTests,Prohibited
D,Assets/BlackClockAlpha/Config/Recipes/Recipe_Create_QuarantineWarden.asset,MergeRecipeDefinition asset,Creates Quarantine Warden from Alpha items,MergeRecipeDefinition; ItemDefinition,Quarantine Warden;璺殰,Forbidden,Do not migrate,None; RecipeMergeResolverTests,Prohibited
D,Assets/BlackClockAlpha/Config/Recipes/Recipe_Upgrade_BlackpowderDoctor.asset,MergeRecipeDefinition asset,Upgrades Blackpowder Doctor star,MergeRecipeDefinition; UnitIdentityDefinition,Blackpowder Doctor,Forbidden,Do not migrate,None; RecipeMergeResolverTests,Prohibited
D,Assets/BlackClockAlpha/Config/Recipes/Recipe_Upgrade_MiasmaDoctor.asset,MergeRecipeDefinition asset,Upgrades Miasma Doctor star,MergeRecipeDefinition; UnitIdentityDefinition,Miasma Doctor,Forbidden,Do not migrate,None; RecipeMergeResolverTests,Prohibited
D,Assets/BlackClockAlpha/Config/Recipes/Recipe_Upgrade_Purifier.asset,MergeRecipeDefinition asset,Upgrades Purifier star,MergeRecipeDefinition; UnitIdentityDefinition,Purifier; treatment,Forbidden,Do not migrate,None; RecipeMergeResolverTests,Prohibited
D,Assets/BlackClockAlpha/Config/Recipes/Recipe_Upgrade_QuarantineWarden.asset,MergeRecipeDefinition asset,Upgrades Quarantine Warden star,MergeRecipeDefinition; UnitIdentityDefinition,Quarantine Warden;璺殰,Forbidden,Do not migrate,None; RecipeMergeResolverTests,Prohibited
D,Assets/BlackClockAlpha/Config/Supply/NormalSupplyDefinition.asset,SupplyDefinition asset,Alpha normal hospital supply configuration,SupplyDefinition; ItemDefinition,鍖婚櫌琛ョ粰,Forbidden,Do not migrate,None; SupplyDefinitionTests,Prohibited
D,Assets/BlackClockAlpha/Config/Units/Combat/AlphaProfessionCombatCatalog.asset,ProfessionCombatCatalog asset,References eight Alpha doctor combat definitions,ProfessionCombatCatalog,BlackClock professions; treatment;璺殰,Forbidden,Do not migrate,None; ProfessionCombatConfigTests,Prohibited
D,Assets/BlackClockAlpha/Config/Units/Combat/UnitCombat_BlackpowderDoctor_1Star.asset,ProfessionCombatDefinition asset,Blackpowder one-star stats,ProfessionCombatDefinition,Blackpowder Doctor,Forbidden,Do not migrate,None; ProfessionCombatConfigTests,Prohibited
D,Assets/BlackClockAlpha/Config/Units/Combat/UnitCombat_BlackpowderDoctor_2Star.asset,ProfessionCombatDefinition asset,Blackpowder two-star stats,ProfessionCombatDefinition,Blackpowder Doctor,Forbidden,Do not migrate,None; ProfessionCombatConfigTests,Prohibited
D,Assets/BlackClockAlpha/Config/Units/Combat/UnitCombat_MiasmaDoctor_1Star.asset,ProfessionCombatDefinition asset,Miasma one-star stats,ProfessionCombatDefinition,Miasma; Infection,Forbidden,Do not migrate,None; ProfessionCombatConfigTests,Prohibited
D,Assets/BlackClockAlpha/Config/Units/Combat/UnitCombat_MiasmaDoctor_2Star.asset,ProfessionCombatDefinition asset,Miasma two-star stats,ProfessionCombatDefinition,Miasma; Infection,Forbidden,Do not migrate,None; ProfessionCombatConfigTests,Prohibited
D,Assets/BlackClockAlpha/Config/Units/Combat/UnitCombat_Purifier_1Star.asset,ProfessionCombatDefinition asset,Purifier one-star stats,ProfessionCombatDefinition,Purifier; treatment,Forbidden,Do not migrate,None; ProfessionCombatConfigTests,Prohibited
D,Assets/BlackClockAlpha/Config/Units/Combat/UnitCombat_Purifier_2Star.asset,ProfessionCombatDefinition asset,Purifier two-star stats and healing,ProfessionCombatDefinition,Purifier; treatment; Lumen,Forbidden,Do not migrate,None; ProfessionCombatConfigTests,Prohibited
D,Assets/BlackClockAlpha/Config/Units/Combat/UnitCombat_QuarantineWarden_1Star.asset,ProfessionCombatDefinition asset,Warden one-star block stats,ProfessionCombatDefinition,Quarantine Warden;璺殰,Forbidden,Do not migrate,None; ProfessionCombatConfigTests,Prohibited
D,Assets/BlackClockAlpha/Config/Units/Combat/UnitCombat_QuarantineWarden_2Star.asset,ProfessionCombatDefinition asset,Warden two-star block stats,ProfessionCombatDefinition,Quarantine Warden;璺殰,Forbidden,Do not migrate,None; ProfessionCombatConfigTests,Prohibited
D,Assets/BlackClockAlpha/Config/Units/Identity/Unit_BlackpowderDoctor_1Star.asset,UnitIdentityDefinition asset,Blackpowder one-star identity,UnitIdentityDefinition,Blackpowder Doctor,Forbidden,Do not migrate,None; RecipeMergeResolverTests,Prohibited
D,Assets/BlackClockAlpha/Config/Units/Identity/Unit_BlackpowderDoctor_2Star.asset,UnitIdentityDefinition asset,Blackpowder two-star identity,UnitIdentityDefinition,Blackpowder Doctor,Forbidden,Do not migrate,None; RecipeMergeResolverTests,Prohibited
D,Assets/BlackClockAlpha/Config/Units/Identity/Unit_MiasmaDoctor_1Star.asset,UnitIdentityDefinition asset,Miasma one-star identity,UnitIdentityDefinition,Miasma; Infection,Forbidden,Do not migrate,None; RecipeMergeResolverTests,Prohibited
D,Assets/BlackClockAlpha/Config/Units/Identity/Unit_MiasmaDoctor_2Star.asset,UnitIdentityDefinition asset,Miasma two-star identity,UnitIdentityDefinition,Miasma; Infection,Forbidden,Do not migrate,None; RecipeMergeResolverTests,Prohibited
D,Assets/BlackClockAlpha/Config/Units/Identity/Unit_Purifier_1Star.asset,UnitIdentityDefinition asset,Purifier one-star identity,UnitIdentityDefinition,Purifier; treatment,Forbidden,Do not migrate,None; RecipeMergeResolverTests,Prohibited
D,Assets/BlackClockAlpha/Config/Units/Identity/Unit_Purifier_2Star.asset,UnitIdentityDefinition asset,Purifier two-star identity,UnitIdentityDefinition,Purifier; treatment,Forbidden,Do not migrate,None; RecipeMergeResolverTests,Prohibited
D,Assets/BlackClockAlpha/Config/Units/Identity/Unit_QuarantineWarden_1Star.asset,UnitIdentityDefinition asset,Warden one-star identity,UnitIdentityDefinition,Quarantine Warden;璺殰,Forbidden,Do not migrate,None; RecipeMergeResolverTests,Prohibited
D,Assets/BlackClockAlpha/Config/Units/Identity/Unit_QuarantineWarden_2Star.asset,UnitIdentityDefinition asset,Warden two-star identity,UnitIdentityDefinition,Quarantine Warden;璺殰,Forbidden,Do not migrate,None; RecipeMergeResolverTests,Prohibited
C,Assets/BlackClockAlpha/Config/Waves/Normal/NormalWaveCatalog.asset,NormalWaveCatalog asset,References three Normal wave assets,NormalWaveCatalog,Three-wave Alpha schedule,DragonBound/Waves,Use as asset wiring example; create 15-wave catalog,None; NormalWaveAssetTests,High
C,Assets/BlackClockAlpha/Config/Waves/Normal/Wave_Normal_01.asset,NormalWaveDefinition asset,Alpha wave one schedule and reward,NormalWaveDefinition; EnemyDefinition,Normal wave and lane schedule,DragonBound/Waves,Rewrite counts/enemies/residual policy,None; NormalWaveAssetTests,High
C,Assets/BlackClockAlpha/Config/Waves/Normal/Wave_Normal_02.asset,NormalWaveDefinition asset,Alpha wave two schedule and reward,NormalWaveDefinition; EnemyDefinition,Normal wave and lane schedule,DragonBound/Waves,Rewrite counts/enemies/residual policy,None; NormalWaveAssetTests,High
C,Assets/BlackClockAlpha/Config/Waves/Normal/Wave_Normal_03.asset,NormalWaveDefinition asset,Alpha wave three schedule and reward,NormalWaveDefinition; EnemyDefinition,Normal wave and lane schedule,DragonBound/Waves,Rewrite counts/enemies/residual policy,None; NormalWaveAssetTests,High

